{
  "timestamp": "2025-06-29T05:56:15.058200",
  "tests": {
    "database": 100.0,
    "conflicts": 89.98119896862913,
    "generation": 100,
    "unified": 100,
    "services": 100.0,
    "code_fixes": 100.0
  },
  "overall_score": 98.3,
  "status": "EXCELLENT"
}